[
  {
    "ts": "2024-05-27T16:25:55Z",
    "username": "31ksiavbtiuopjyi33fngxo4spdm",
    "platform": "ios",
    "ms_played": 0,
    "conn_country": "US",
    "ip_addr_decrypted": "184.83.22.196",
    "user_agent_decrypted": "unknown",
    "master_metadata_track_name": null,
    "master_metadata_album_artist_name": null,
    "master_metadata_album_album_name": null,
    "spotify_track_uri": null,
    "episode_name": "oops i have a crush, advice session",
    "episode_show_name": "anything goes with emma chamberlain",
    "spotify_episode_uri": "spotify:episode:6WDxnBT80tHLdvJx7llteH",
    "reason_start": "unknown",
    "reason_end": "endplay",
    "shuffle": false,
    "skipped": true,
    "offline": null,
    "offline_timestamp": 0,
    "incognito_mode": false
  },
  {
    "ts": "2024-05-27T16:26:57Z",
    "username": "31ksiavbtiuopjyi33fngxo4spdm",
    "platform": "ios",
    "ms_played": 3873,
    "conn_country": "US",
    "ip_addr_decrypted": "184.83.22.196",
    "user_agent_decrypted": "unknown",
    "master_metadata_track_name": null,
    "master_metadata_album_artist_name": null,
    "master_metadata_album_album_name": null,
    "spotify_track_uri": null,
    "episode_name": "oops i have a crush, advice session",
    "episode_show_name": "anything goes with emma chamberlain",
    "spotify_episode_uri": "spotify:episode:6WDxnBT80tHLdvJx7llteH",
    "reason_start": "unknown",
    "reason_end": "endplay",
    "shuffle": false,
    "skipped": true,
    "offline": null,
    "offline_timestamp": 0,
    "incognito_mode": false
  },
  {
    "ts": "2024-05-27T16:26:58Z",
    "username": "31ksiavbtiuopjyi33fngxo4spdm",
    "platform": "ios",
    "ms_played": 0,
    "conn_country": "US",
    "ip_addr_decrypted": "184.83.22.196",
    "user_agent_decrypted": "unknown",
    "master_metadata_track_name": null,
    "master_metadata_album_artist_name": null,
    "master_metadata_album_album_name": null,
    "spotify_track_uri": null,
    "episode_name": "BLIND DATE GONE WRONG! -You Should Know Podcast-",
    "episode_show_name": "You Should Know Podcast",
    "spotify_episode_uri": "spotify:episode:3J7H7NAP4dY8cpSlAXAbyr",
    "reason_start": "unknown",
    "reason_end": "endplay",
    "shuffle": false,
    "skipped": true,
    "offline": null,
    "offline_timestamp": 0,
    "incognito_mode": false
  },
  {
    "ts": "2024-05-27T16:28:55Z",
    "username": "31ksiavbtiuopjyi33fngxo4spdm",
    "platform": "ios",
    "ms_played": 817,
    "conn_country": "US",
    "ip_addr_decrypted": "184.83.22.196",
    "user_agent_decrypted": "unknown",
    "master_metadata_track_name": null,
    "master_metadata_album_artist_name": null,
    "master_metadata_album_album_name": null,
    "spotify_track_uri": null,
    "episode_name": "Cash & Kate on Saving Kissing for Marriage, UTIs & Getting Engaged in High School",
    "episode_show_name": "The Unplanned Podcast with Matt & Abby",
    "spotify_episode_uri": "spotify:episode:0ljRzmPKXKofBhZoGHoELT",
    "reason_start": "unknown",
    "reason_end": "endplay",
    "shuffle": false,
    "skipped": true,
    "offline": null,
    "offline_timestamp": 0,
    "incognito_mode": false
  },
  {
    "ts": "2024-05-27T16:30:39Z",
    "username": "31ksiavbtiuopjyi33fngxo4spdm",
    "platform": "ios",
    "ms_played": 0,
    "conn_country": "US",
    "ip_addr_decrypted": "184.83.22.196",
    "user_agent_decrypted": "unknown",
    "master_metadata_track_name": null,
    "master_metadata_album_artist_name": null,
    "master_metadata_album_album_name": null,
    "spotify_track_uri": null,
    "episode_name": "Cash & Kate on Saving Kissing for Marriage, UTIs & Getting Engaged in High School",
    "episode_show_name": "The Unplanned Podcast with Matt & Abby",
    "spotify_episode_uri": "spotify:episode:0ljRzmPKXKofBhZoGHoELT",
    "reason_start": "unknown",
    "reason_end": "endplay",
    "shuffle": false,
    "skipped": true,
    "offline": null,
    "offline_timestamp": 0,
    "incognito_mode": false
  },
  {
    "ts": "2024-05-27T16:31:35Z",
    "username": "31ksiavbtiuopjyi33fngxo4spdm",
    "platform": "ios",
    "ms_played": 407,
    "conn_country": "US",
    "ip_addr_decrypted": "184.83.22.196",
    "user_agent_decrypted": "unknown",
    "master_metadata_track_name": null,
    "master_metadata_album_artist_name": null,
    "master_metadata_album_album_name": null,
    "spotify_track_uri": null,
    "episode_name": "Ep 495 - Pod-Cast Away",
    "episode_show_name": "Matt and Shane's Secret Podcast",
    "spotify_episode_uri": "spotify:episode:18bpsd1AxYLxXD3wh5VJEW",
    "reason_start": "unknown",
    "reason_end": "endplay",
    "shuffle": false,
    "skipped": true,
    "offline": null,
    "offline_timestamp": 0,
    "incognito_mode": false
  },
  {
    "ts": "2024-05-27T16:31:35Z",
    "username": "31ksiavbtiuopjyi33fngxo4spdm",
    "platform": "ios",
    "ms_played": 1797,
    "conn_country": "US",
    "ip_addr_decrypted": "184.83.22.196",
    "user_agent_decrypted": "unknown",
    "master_metadata_track_name": null,
    "master_metadata_album_artist_name": null,
    "master_metadata_album_album_name": null,
    "spotify_track_uri": null,
    "episode_name": "H-Hour #227 Geraint Jones – author and podcast host",
    "episode_show_name": "H-Hour",
    "spotify_episode_uri": "spotify:episode:4aNABJWUysJcHKDTjbuJ0O",
    "reason_start": "unknown",
    "reason_end": "endplay",
    "shuffle": false,
    "skipped": true,
    "offline": null,
    "offline_timestamp": 0,
    "incognito_mode": false
  },
  {
    "ts": "2024-05-27T17:20:42Z",
    "username": "31ksiavbtiuopjyi33fngxo4spdm",
    "platform": "ios",
    "ms_played": 2757,
    "conn_country": "US",
    "ip_addr_decrypted": "184.83.22.196",
    "user_agent_decrypted": "unknown",
    "master_metadata_track_name": "all-american bitch",
    "master_metadata_album_artist_name": "Olivia Rodrigo",
    "master_metadata_album_album_name": "GUTS (spilled)",
    "spotify_track_uri": "spotify:track:6dhWwPex5g1B1hg7ezGj2b",
    "episode_name": null,
    "episode_show_name": null,
    "spotify_episode_uri": null,
    "reason_start": "unknown",
    "reason_end": "endplay",
    "shuffle": false,
    "skipped": true,
    "offline": null,
    "offline_timestamp": 0,
    "incognito_mode": false
  },
  {
    "ts": "2024-05-27T17:21:37Z",
    "username": "31ksiavbtiuopjyi33fngxo4spdm",
    "platform": "ios",
    "ms_played": 913,
    "conn_country": "US",
    "ip_addr_decrypted": "184.83.22.196",
    "user_agent_decrypted": "unknown",
    "master_metadata_track_name": "Can’t Catch Me Now - from The Hunger Games: The Ballad of Songbirds & Snakes",
    "master_metadata_album_artist_name": "Olivia Rodrigo",
    "master_metadata_album_album_name": "The Hunger Games: The Ballad of Songbirds & Snakes",
    "spotify_track_uri": "spotify:track:17cia5k4BpGVlyEfqrFH50",
    "episode_name": null,
    "episode_show_name": null,
    "spotify_episode_uri": null,
    "reason_start": "unknown",
    "reason_end": "endplay",
    "shuffle": false,
    "skipped": true,
    "offline": null,
    "offline_timestamp": 0,
    "incognito_mode": false
  },
  {
    "ts": "2024-05-27T17:25:00Z",
    "username": "31ksiavbtiuopjyi33fngxo4spdm",
    "platform": "ios",
    "ms_played": 3200,
    "conn_country": "US",
    "ip_addr_decrypted": "184.83.22.196",
    "user_agent_decrypted": "unknown",
    "master_metadata_track_name": "brutal",
    "master_metadata_album_artist_name": "Olivia Rodrigo",
    "master_metadata_album_album_name": "SOUR",
    "spotify_track_uri": "spotify:track:6SRsiMl7w1USE4mFqrOhHC",
    "episode_name": null,
    "episode_show_name": null,
    "spotify_episode_uri": null,
    "reason_start": "unknown",
    "reason_end": "endplay",
    "shuffle": false,
    "skipped": true,
    "offline": null,
    "offline_timestamp": 0,
    "incognito_mode": false
  },
  {
    "ts": "2024-05-27T17:25:01Z",
    "username": "31ksiavbtiuopjyi33fngxo4spdm",
    "platform": "ios",
    "ms_played": 1100,
    "conn_country": "US",
    "ip_addr_decrypted": "184.83.22.196",
    "user_agent_decrypted": "unknown",
    "master_metadata_track_name": "traitor",
    "master_metadata_album_artist_name": "Olivia Rodrigo",
    "master_metadata_album_album_name": "SOUR",
    "spotify_track_uri": "spotify:track:5CZ40GBx1sQ9agT82CLQCT",
    "episode_name": null,
    "episode_show_name": null,
    "spotify_episode_uri": null,
    "reason_start": "unknown",
    "reason_end": "endplay",
    "shuffle": false,
    "skipped": true,
    "offline": null,
    "offline_timestamp": 0,
    "incognito_mode": false
  },
  {
    "ts": "2024-05-27T17:25:03Z",
    "username": "31ksiavbtiuopjyi33fngxo4spdm",
    "platform": "ios",
    "ms_played": 1265,
    "conn_country": "US",
    "ip_addr_decrypted": "184.83.22.196",
    "user_agent_decrypted": "unknown",
    "master_metadata_track_name": "drivers license",
    "master_metadata_album_artist_name": "Olivia Rodrigo",
    "master_metadata_album_album_name": "SOUR",
    "spotify_track_uri": "spotify:track:5wANPM4fQCJwkGd4rN57mH",
    "episode_name": null,
    "episode_show_name": null,
    "spotify_episode_uri": null,
    "reason_start": "unknown",
    "reason_end": "endplay",
    "shuffle": false,
    "skipped": true,
    "offline": null,
    "offline_timestamp": 0,
    "incognito_mode": false
  },
  {
    "ts": "2024-05-27T19:20:19Z",
    "username": "31ksiavbtiuopjyi33fngxo4spdm",
    "platform": "ios",
    "ms_played": 1570,
    "conn_country": "US",
    "ip_addr_decrypted": "184.83.22.196",
    "user_agent_decrypted": "unknown",
    "master_metadata_track_name": "obsessed",
    "master_metadata_album_artist_name": "Olivia Rodrigo",
    "master_metadata_album_album_name": "GUTS (spilled)",
    "spotify_track_uri": "spotify:track:6tNgRQ0K2NYZ0Rb9l9DzL8",
    "episode_name": null,
    "episode_show_name": null,
    "spotify_episode_uri": null,
    "reason_start": "unknown",
    "reason_end": "endplay",
    "shuffle": false,
    "skipped": true,
    "offline": null,
    "offline_timestamp": 0,
    "incognito_mode": false
  },
  {
    "ts": "2024-05-27T19:20:20Z",
    "username": "31ksiavbtiuopjyi33fngxo4spdm",
    "platform": "ios",
    "ms_played": 631,
    "conn_country": "US",
    "ip_addr_decrypted": "184.83.22.196",
    "user_agent_decrypted": "unknown",
    "master_metadata_track_name": "love is embarrassing",
    "master_metadata_album_artist_name": "Olivia Rodrigo",
    "master_metadata_album_album_name": "GUTS",
    "spotify_track_uri": "spotify:track:26QLJMK8G0M06sk7h7Fkse",
    "episode_name": null,
    "episode_show_name": null,
    "spotify_episode_uri": null,
    "reason_start": "unknown",
    "reason_end": "endplay",
    "shuffle": false,
    "skipped": true,
    "offline": null,
    "offline_timestamp": 0,
    "incognito_mode": false
  },
  {
    "ts": "2024-05-27T19:20:23Z",
    "username": "31ksiavbtiuopjyi33fngxo4spdm",
    "platform": "ios",
    "ms_played": 2385,
    "conn_country": "US",
    "ip_addr_decrypted": "184.83.22.196",
    "user_agent_decrypted": "unknown",
    "master_metadata_track_name": "vampire",
    "master_metadata_album_artist_name": "Olivia Rodrigo",
    "master_metadata_album_album_name": "GUTS",
    "spotify_track_uri": "spotify:track:1kuGVB7EU95pJObxwvfwKS",
    "episode_name": null,
    "episode_show_name": null,
    "spotify_episode_uri": null,
    "reason_start": "unknown",
    "reason_end": "endplay",
    "shuffle": false,
    "skipped": true,
    "offline": null,
    "offline_timestamp": 0,
    "incognito_mode": false
  },
  {
    "ts": "2024-05-27T22:19:05Z",
    "username": "31ksiavbtiuopjyi33fngxo4spdm",
    "platform": "ios",
    "ms_played": 1721,
    "conn_country": "US",
    "ip_addr_decrypted": "184.83.22.196",
    "user_agent_decrypted": "unknown",
    "master_metadata_track_name": "Wheels on the Bus",
    "master_metadata_album_artist_name": "Melanie Martinez",
    "master_metadata_album_album_name": "K-12",
    "spotify_track_uri": "spotify:track:2plUcsOZm6pi1kFUncqLni",
    "episode_name": null,
    "episode_show_name": null,
    "spotify_episode_uri": null,
    "reason_start": "unknown",
    "reason_end": "endplay",
    "shuffle": false,
    "skipped": true,
    "offline": null,
    "offline_timestamp": 0,
    "incognito_mode": false
  },
  {
    "ts": "2024-05-27T22:19:08Z",
    "username": "31ksiavbtiuopjyi33fngxo4spdm",
    "platform": "ios",
    "ms_played": 3330,
    "conn_country": "US",
    "ip_addr_decrypted": "184.83.22.196",
    "user_agent_decrypted": "unknown",
    "master_metadata_track_name": "Class Fight",
    "master_metadata_album_artist_name": "Melanie Martinez",
    "master_metadata_album_album_name": "K-12",
    "spotify_track_uri": "spotify:track:37pf8jSeCGlzgQPIfVHO6X",
    "episode_name": null,
    "episode_show_name": null,
    "spotify_episode_uri": null,
    "reason_start": "unknown",
    "reason_end": "endplay",
    "shuffle": false,
    "skipped": true,
    "offline": null,
    "offline_timestamp": 0,
    "incognito_mode": false
  },
  {
    "ts": "2024-05-27T22:43:27Z",
    "username": "31ksiavbtiuopjyi33fngxo4spdm",
    "platform": "ios",
    "ms_played": 1090,
    "conn_country": "US",
    "ip_addr_decrypted": "184.83.22.196",
    "user_agent_decrypted": "unknown",
    "master_metadata_track_name": "The Principal",
    "master_metadata_album_artist_name": "Melanie Martinez",
    "master_metadata_album_album_name": "K-12",
    "spotify_track_uri": "spotify:track:7fYNunIzTO7yAHBQtvq8Fc",
    "episode_name": null,
    "episode_show_name": null,
    "spotify_episode_uri": null,
    "reason_start": "unknown",
    "reason_end": "endplay",
    "shuffle": false,
    "skipped": true,
    "offline": null,
    "offline_timestamp": 0,
    "incognito_mode": false
  },
  {
    "ts": "2024-06-01T12:48:04Z",
    "username": "31ksiavbtiuopjyi33fngxo4spdm",
    "platform": "ios",
    "ms_played": 8564,
    "conn_country": "US",
    "ip_addr_decrypted": "184.83.22.196",
    "user_agent_decrypted": "unknown",
    "master_metadata_track_name": "Friend",
    "master_metadata_album_artist_name": "Gracie Abrams",
    "master_metadata_album_album_name": "minor",
    "spotify_track_uri": "spotify:track:6fGSHpEipD1YjtLLChnBzW",
    "episode_name": null,
    "episode_show_name": null,
    "spotify_episode_uri": null,
    "reason_start": "unknown",
    "reason_end": "endplay",
    "shuffle": false,
    "skipped": true,
    "offline": null,
    "offline_timestamp": 0,
    "incognito_mode": false
  },
  {
    "ts": "2024-06-08T23:50:51Z",
    "username": "31ksiavbtiuopjyi33fngxo4spdm",
    "platform": "ios",
    "ms_played": 3113,
    "conn_country": "US",
    "ip_addr_decrypted": "184.83.22.196",
    "user_agent_decrypted": "unknown",
    "master_metadata_track_name": "Please Please Please",
    "master_metadata_album_artist_name": "Sabrina Carpenter",
    "master_metadata_album_album_name": "Please Please Please",
    "spotify_track_uri": "spotify:track:5N3hjp1WNayUPZrA8kJmJP",
    "episode_name": null,
    "episode_show_name": null,
    "spotify_episode_uri": null,
    "reason_start": "unknown",
    "reason_end": "endplay",
    "shuffle": false,
    "skipped": true,
    "offline": null,
    "offline_timestamp": 0,
    "incognito_mode": false
  },
  {
    "ts": "2024-06-09T15:47:05Z",
    "username": "31ksiavbtiuopjyi33fngxo4spdm",
    "platform": "ios",
    "ms_played": 2380,
    "conn_country": "US",
    "ip_addr_decrypted": "184.83.22.196",
    "user_agent_decrypted": "unknown",
    "master_metadata_track_name": "...Ready For It?",
    "master_metadata_album_artist_name": "Taylor Swift",
    "master_metadata_album_album_name": "reputation",
    "spotify_track_uri": "spotify:track:2yLa0QULdQr0qAIvVwN6B5",
    "episode_name": null,
    "episode_show_name": null,
    "spotify_episode_uri": null,
    "reason_start": "unknown",
    "reason_end": "endplay",
    "shuffle": false,
    "skipped": true,
    "offline": null,
    "offline_timestamp": 0,
    "incognito_mode": false
  },
  {
    "ts": "2024-06-26T03:11:02Z",
    "username": "31ksiavbtiuopjyi33fngxo4spdm",
    "platform": "ios",
    "ms_played": 4879,
    "conn_country": "US",
    "ip_addr_decrypted": "184.83.22.196",
    "user_agent_decrypted": "unknown",
    "master_metadata_track_name": null,
    "master_metadata_album_artist_name": null,
    "master_metadata_album_album_name": null,
    "spotify_track_uri": null,
    "episode_name": null,
    "episode_show_name": null,
    "spotify_episode_uri": null,
    "reason_start": "unknown",
    "reason_end": "endplay",
    "shuffle": false,
    "skipped": true,
    "offline": null,
    "offline_timestamp": 0,
    "incognito_mode": false
  },
  {
    "ts": "2024-06-27T17:09:54Z",
    "username": "31ksiavbtiuopjyi33fngxo4spdm",
    "platform": "ios",
    "ms_played": 8681,
    "conn_country": "US",
    "ip_addr_decrypted": "184.83.22.196",
    "user_agent_decrypted": "unknown",
    "master_metadata_track_name": "emails i can’t send",
    "master_metadata_album_artist_name": "Sabrina Carpenter",
    "master_metadata_album_album_name": "emails i can’t send fwd:",
    "spotify_track_uri": "spotify:track:6xi4KL7KDYjzz3wuvLBeOg",
    "episode_name": null,
    "episode_show_name": null,
    "spotify_episode_uri": null,
    "reason_start": "unknown",
    "reason_end": "endplay",
    "shuffle": false,
    "skipped": true,
    "offline": null,
    "offline_timestamp": 0,
    "incognito_mode": false
  },
  {
    "ts": "2024-06-27T22:59:05Z",
    "username": "31ksiavbtiuopjyi33fngxo4spdm",
    "platform": "ios",
    "ms_played": 8572,
    "conn_country": "US",
    "ip_addr_decrypted": "184.83.22.196",
    "user_agent_decrypted": "unknown",
    "master_metadata_track_name": "I Think He Knows",
    "master_metadata_album_artist_name": "Taylor Swift",
    "master_metadata_album_album_name": "Lover",
    "spotify_track_uri": "spotify:track:2YWtcWi3a83pdEg3Gif4Pd",
    "episode_name": null,
    "episode_show_name": null,
    "spotify_episode_uri": null,
    "reason_start": "unknown",
    "reason_end": "endplay",
    "shuffle": false,
    "skipped": true,
    "offline": null,
    "offline_timestamp": 0,
    "incognito_mode": false
  },
  {
    "ts": "2024-06-30T23:01:39Z",
    "username": "31ksiavbtiuopjyi33fngxo4spdm",
    "platform": "ios",
    "ms_played": 520,
    "conn_country": "US",
    "ip_addr_decrypted": "184.83.22.196",
    "user_agent_decrypted": "unknown",
    "master_metadata_track_name": "emails i can’t send",
    "master_metadata_album_artist_name": "Sabrina Carpenter",
    "master_metadata_album_album_name": "emails i can’t send fwd:",
    "spotify_track_uri": "spotify:track:6xi4KL7KDYjzz3wuvLBeOg",
    "episode_name": null,
    "episode_show_name": null,
    "spotify_episode_uri": null,
    "reason_start": "unknown",
    "reason_end": "endplay",
    "shuffle": false,
    "skipped": true,
    "offline": null,
    "offline_timestamp": 0,
    "incognito_mode": false
  },
  {
    "ts": "2024-06-30T23:01:40Z",
    "username": "31ksiavbtiuopjyi33fngxo4spdm",
    "platform": "ios",
    "ms_played": 1130,
    "conn_country": "US",
    "ip_addr_decrypted": "184.83.22.196",
    "user_agent_decrypted": "unknown",
    "master_metadata_track_name": "Vicious",
    "master_metadata_album_artist_name": "Sabrina Carpenter",
    "master_metadata_album_album_name": "emails i can’t send fwd:",
    "spotify_track_uri": "spotify:track:3o99q6o0C2HdEiXJbLL5Wb",
    "episode_name": null,
    "episode_show_name": null,
    "spotify_episode_uri": null,
    "reason_start": "unknown",
    "reason_end": "endplay",
    "shuffle": false,
    "skipped": true,
    "offline": null,
    "offline_timestamp": 0,
    "incognito_mode": false
  },
  {
    "ts": "2024-06-30T23:02:10Z",
    "username": "31ksiavbtiuopjyi33fngxo4spdm",
    "platform": "ios",
    "ms_played": 29741,
    "conn_country": "US",
    "ip_addr_decrypted": "184.83.22.196",
    "user_agent_decrypted": "unknown",
    "master_metadata_track_name": "Read your Mind",
    "master_metadata_album_artist_name": "Sabrina Carpenter",
    "master_metadata_album_album_name": "emails i can’t send fwd:",
    "spotify_track_uri": "spotify:track:2Irr5XfPM6cyoKijHSCrqM",
    "episode_name": null,
    "episode_show_name": null,
    "spotify_episode_uri": null,
    "reason_start": "unknown",
    "reason_end": "trackdone",
    "shuffle": false,
    "skipped": false,
    "offline": null,
    "offline_timestamp": 0,
    "incognito_mode": false
  },
  {
    "ts": "2024-06-30T23:02:12Z",
    "username": "31ksiavbtiuopjyi33fngxo4spdm",
    "platform": "ios",
    "ms_played": 958,
    "conn_country": "US",
    "ip_addr_decrypted": "184.83.22.196",
    "user_agent_decrypted": "unknown",
    "master_metadata_track_name": "Read your Mind",
    "master_metadata_album_artist_name": "Sabrina Carpenter",
    "master_metadata_album_album_name": "emails i can’t send fwd:",
    "spotify_track_uri": "spotify:track:2Irr5XfPM6cyoKijHSCrqM",
    "episode_name": null,
    "episode_show_name": null,
    "spotify_episode_uri": null,
    "reason_start": "unknown",
    "reason_end": "endplay",
    "shuffle": false,
    "skipped": true,
    "offline": null,
    "offline_timestamp": 0,
    "incognito_mode": false
  },
  {
    "ts": "2024-06-30T23:02:13Z",
    "username": "31ksiavbtiuopjyi33fngxo4spdm",
    "platform": "ios",
    "ms_played": 1129,
    "conn_country": "US",
    "ip_addr_decrypted": "184.83.22.196",
    "user_agent_decrypted": "unknown",
    "master_metadata_track_name": "Tornado Warnings",
    "master_metadata_album_artist_name": "Sabrina Carpenter",
    "master_metadata_album_album_name": "emails i can’t send fwd:",
    "spotify_track_uri": "spotify:track:53pcTIVGVE58vWWM7hfYPl",
    "episode_name": null,
    "episode_show_name": null,
    "spotify_episode_uri": null,
    "reason_start": "unknown",
    "reason_end": "endplay",
    "shuffle": false,
    "skipped": true,
    "offline": null,
    "offline_timestamp": 0,
    "incognito_mode": false
  }
]